Event_Driven,Static_Graph,LSTM_SAC,Mean_Variance,Buy_and_Hold
100000.0,100000.0,100000.0,100000.0,100000.0
98533.37797479218,99043.29748982347,99393.38147249943,99140.95792098956,99826.43571896192
99435.51860242565,99659.66856030437,99874.80089794687,99144.66856317729,101086.38252381356
98656.35245115892,98814.86445906873,98630.60469030662,97967.67015096554,99902.8966823781
98779.63886305082,101311.29848690263,100728.6292863701,99442.65042058122,101296.1334879506
99107.65532902528,102124.8915306058,100964.43248232189,98727.4873129154,101391.61698371425
100173.4434119653,101808.34563650537,100465.48009285358,98578.52298379902,101159.47621366248
100870.56173962,102091.56992611931,101062.08776412823,99204.27158455447,101831.51003382703
100009.77452049789,102453.18919016182,101761.34488821684,100634.59114998973,102168.01992065288
100542.8812312622,102986.43877854632,101917.8752929547,101372.08460974577,102716.20866567217
100870.90023366403,103802.89751262595,102142.26143841709,103070.52799777701,102989.46390353079
101280.82100693848,104204.3279199474,101961.52610575674,102042.52051426722,102969.09033180059
100706.76015335116,103927.75036596379,101311.34259353102,98667.91754102016,102454.15396893874
103453.60144380842,104938.85408418036,101831.81890963046,99025.48912000848,103373.58955640266
97878.51894667004,105790.89578735079,102822.55998942856,101290.1113369,103570.12447630444
97386.48618402601,106376.6095612504,102721.04421769278,99077.63095763187,103097.2015889491
96976.50994020827,106099.1001169535,102805.00721866959,100403.66684782035,102870.4569273269
98001.42891285227,106551.14379471556,103120.828441922,100358.9263448832,103155.91977692532
97755.5036380514,106362.80165044528,102884.82825693506,100008.83589933785,103097.90209073882
97181.5854788831,106205.38825257866,102675.64256328087,99941.7650443105,102986.71919704134
96566.5014249133,106158.98329131045,102125.62562321543,98332.68296401846,102544.39557832456
97345.46022042431,106125.19382313613,101940.23381110105,97960.2422166937,102590.18483390978
99477.00656474962,104338.28748569358,100969.7891346054,98876.48489151374,102123.14150861258
101773.03968050709,104891.01938811645,102098.66570527098,100701.60880584594,103658.75900415574
102224.08063906364,105318.54895777332,102199.72428677251,100329.13480903923,104057.50480275242
101772.99606116989,104922.60767626457,101530.00751784958,99599.12248272615,103701.83233744567
100133.04938373403,104346.31240579882,100602.92969139088,98749.85756438396,102566.26682502821
100337.89085735726,104180.40333037531,100360.13000786811,95257.09510943822,102147.13066938304
99599.89280291997,103772.20932096966,100228.67490318758,93900.67260905808,101870.87172487636
100255.94698927844,103777.21158178791,100481.84952172112,93451.82641807747,102438.69429967222
101116.74139233114,102806.47792362244,99614.968595069,93821.24476836651,102053.84765360829
103125.68599013222,104667.80802175155,101268.96018918672,93551.9496526279,103539.87243890984
103084.64926963153,104188.704352135,101011.78599358884,93331.00820659174,103642.88190667701
102756.92299709373,104744.65534128831,101598.4041932585,92612.39393513791,104195.58974865483
103822.88107507108,105532.38181205215,101864.05504025702,90900.24602464784,104542.68541747813
104273.92873273723,105636.32530393978,102323.60904317223,91186.80183646316,105089.0339193624
105380.90523943321,105848.33150388455,102876.31274871787,92146.45951636074,105860.70076107132
104970.89961637201,105847.74466243069,102846.95368733222,91233.45958796448,105752.4346175397
105995.72537120484,105782.72324990724,102803.56033579004,90580.37599526177,105635.79516619584
106446.75645294697,106306.791887492,103039.23977960175,90960.25325904717,106139.49925560887
105749.82980158414,106555.99320790824,102467.06529789449,91080.19039126931,105520.49492498042
105708.8543261059,106792.31445924558,102418.88432513378,88736.9877990242,105629.4255748019
104396.92462619652,106803.07883459204,101954.26779712559,87027.96689355608,105090.75265188018
104929.9749923616,106351.53561107107,102288.34742713676,88348.3579289281,105580.06498083024
104273.97565285486,106432.74315392257,101358.95151430757,88543.29163913861,105008.88120714814
103782.03615614893,106511.10021617374,101391.78104440389,89366.96374123971,105052.41729801023
104684.07005040266,106232.27021819504,101205.46190928502,89222.37153540232,105097.13649617638
104560.75138858834,105140.54324342513,99814.80202022631,88467.82147883078,103810.56208918226
108701.3848883781,105495.90620789488,100126.70117371855,88033.9887329828,104826.04098083678
109357.56615592387,106891.5327997509,100500.90388645437,88417.53048995991,105744.29610730792
108824.55931074012,105822.98942167762,99903.42375680777,88159.73865649437,105443.93821462436
105995.67340511859,104640.79197217173,99310.8552270277,88316.93728655098,104310.68764977991
104929.86212510265,104454.52040197593,99540.1358961317,89077.76810389779,104362.36931003148
103782.02457325399,103596.40299291858,99655.73086063792,90775.41452263805,104259.18478025979
103043.92088591444,102320.92387563271,98189.11908012838,86740.63704014437,103296.87953125451
101731.81172714301,100702.08015905885,96316.68285768418,81711.67072151747,101678.12852380834
101362.72699833919,100519.43609807751,96861.98108635856,82136.22627966132,101649.03301864323
102100.7521925925,101464.84480148625,97355.97379687172,81974.77271758107,102217.85316422491
101198.62347234924,100886.32158054375,95858.43342357758,77603.66052929715,101251.46011597257
101444.64560135029,101755.66584881656,96413.70028731754,76320.40593907169,101770.78295578767
100624.59464003985,101126.44362565617,95756.15925349238,75448.1706792852,100680.01618608402
98205.35943457147,98799.82486367713,93561.04689517272,72153.4328835132,98390.27721687763
97672.44591604285,99429.46254880674,94020.0143919921,71199.83452461184,98539.72667281056
97362.00436891787,99760.30842809012,94019.74783825318,71536.71629754713,98231.86675384438
99307.32786658965,100873.52213489692,95185.66494142705,73182.3082108529,99576.21257575351
100218.17159901574,101642.7487401631,96708.27647274357,73363.71080899375,100853.32910494407
100549.27248283065,101757.32267121265,96687.0296120988,71965.62507631198,100851.39248184513
101294.60706478251,103093.46562930343,98150.86006236028,71375.46851937087,102379.59418080718
101625.71610723664,103284.47157490518,98058.77801045314,71474.01841967955,102448.8173269518
102246.6894890391,104017.92645426137,98708.86550884407,71655.92370147472,103093.56695727349
102495.12317725593,104422.2295505535,99016.8194595484,70307.62828962425,103586.23255065434
102495.20998927267,104410.62075368676,98991.99401543743,68356.75043266361,103651.05423053906
101418.99820398445,102980.18350106482,97541.22565851714,66431.08879546674,102816.0410971791
102412.3101214409,102353.11048810808,97575.01187677914,67386.65094900469,103278.62753584264
101087.94454696176,102101.2774856294,97362.4496209912,67506.11391021822,102821.53164441082
101957.121029348,102634.08930552658,97770.15795864782,67965.49528484541,103434.88315959633
101915.50500986158,101749.79549308836,97082.93807891598,67340.7224617354,102974.01678927545
102660.45344345576,102491.82627936424,97429.45452154089,67046.68750135502,103204.01989464289
102495.03029403945,102286.91246841382,97732.19358091947,66982.36574540623,103595.46379462157
102495.116103161,102500.18432874256,97905.5931589512,66954.81122642958,103766.94576998714
101418.87147812902,101552.10421467725,97076.1667090071,65962.45610207037,102728.40967221945
101881.32355180898,103192.44034748801,98490.91812080277,67276.38783886205,104156.75152526812
101426.69182642052,103776.69165838655,98567.066400448,67037.506950671,104021.00247841068
98472.44158674219,104492.35133021018,98949.9927078542,66734.2914396066,104390.55776815239
98678.84076097458,105062.24831816432,99384.80268922518,66899.68288808942,104513.61406873552
97232.07327799234,104779.72870609023,98923.47921131848,67258.02030403171,104447.60031893458
93784.81822012312,104230.81608673786,98153.94815302346,64771.59098109821,103807.4316074549
94699.39493014387,104413.31017712805,98009.99404985299,64592.65648044835,103804.80609614048
93676.74709529046,103547.86173426424,96919.30820700583,63904.392966284904,102524.748335037
